feature,min,max,mean,std,25%,50%,75%
price,0.0,9.01,2.55605338418,1.79049852887,0.99,1.99,3.37
